컬럼,dtype,결측수,공백문자열수,실질결측률%,고유값수,숫자형문자열,min,max,상위값3
cu_base_index,object,125,1551,96.66,19,,,,종합채권 3개월~1년 (14); KOSPI200 (9); MSCI ACWI (6)
cu_charge_etc_rt,float64,181,0,10.44,1,,0.0,0.0,0.0 (1553)
cu_charge_rt,float64,1517,0,87.49,17,,0.0,0.64,0.0 (150); 0.4 (21); 0.49 (19)
cu_fund_mgmt_co,object,0,0,0.0,97,,,,삼성 (224); 미래에셋 (193); KB (147)
cu_lev_fector,float64,183,0,10.55,9,,-3.0,3.0,1.0 (1169); 2.0 (190); -2.0 (105)
cu_strtegy,object,155,0,8.94,4,,,,실물복제 (745); C (409); 액티브 (343)
cu_upt_dt,float64,183,0,10.55,11,,20260409.0,20260615.0,20260615.0 (1517); 20260520.0 (8); 20260601.0 (5)
du_bpr,float64,5,0,0.29,1403,,0.0,1074750.0,0.0 (168); 13160.0 (3); 10080.0 (3)
du_chas_errt,float64,183,0,10.55,1,,0.0,0.0,0.0 (1551)
du_clpr,float64,5,0,0.29,1415,,0.0,1074835.0,0.0 (167); 14100.0 (4); 12380.0 (4)
du_diff_rt,float64,217,0,12.51,1,,0.0,0.0,0.0 (1517)
du_er_1d,float64,172,0,9.92,817,,-18.11,22.43,0.0 (78); 0.01 (21); 0.02 (9)
du_er_1m,float64,194,0,11.19,1153,,-100.0,50.76,0.0 (54); -100.0 (20); 0.18 (10)
du_er_1y,float64,357,0,20.59,1219,,-100.0,2738.95,-100.0 (98); 0.0 (14); 2.7 (3)
du_er_3m,float64,229,0,13.21,1250,,-100.0,350.19,0.0 (46); -100.0 (37); 0.63 (7)
du_er_6m,float64,258,0,14.88,1275,,-100.0,818.57,-100.0 (53); 0.0 (35); 1.39 (5)
du_er_ytd,float64,257,0,14.82,1281,,-100.0,701.69,-100.0 (44); 0.0 (38); 1.14 (8)
du_hpr,float64,5,0,0.29,1387,,0.0,1074835.0,0.0 (219); 11930.0 (4); 55400.0 (3)
du_last_aum,float64,281,0,16.21,1043,,0.0,28359162742500.0,0.0 (411); 36630110000.0 (1); 18140234000.0 (1)
du_last_nav,float64,183,0,10.55,1537,,14.55,1074635.23,55401.72 (3); 13380.73 (2); 1523.28 (2)
du_lpr,float64,5,0,0.29,1388,,0.0,1074830.0,0.0 (219); 10105.0 (4); 14800.0 (3)
du_nav_rnf_amt,float64,217,0,12.51,1502,,-1074635.23,35657.47,8.86 (4); 533.69 (2); -21.83 (2)
du_nav_yday,float64,217,0,12.51,1504,,12.41,1074635.23,55392.86 (3); 39618.46 (2); 302831.7 (2)
du_upt_dt,object,217,0,12.51,1,,,,2026-06-15 00:00:00 (1517)
du_val_1d,float64,5,0,0.29,1475,,0.0,2954894832243.0,0.0 (255); 773189016.0 (1); 1127563999.0 (1)
du_val_1m,float64,40,0,2.31,1491,,0.0,3068646617382.65,0.0 (204); 101121801.65 (1); 1641952931.7 (1)
du_val_5d,float64,5,0,0.29,1497,,0.0,2649650947844.6,0.0 (233); 6920045361.2 (1); 48396495.0 (1)
du_vol_1d,float64,5,0,0.29,1365,,0.0,6109020945.0,0.0 (255); 1.0 (21); 2.0 (8)
du_vol_avg_1m,float64,38,0,2.19,1489,,0.0,9342240793.3,0.0 (204); 0.1 (3); 0.3 (2)
du_vol_avg_5d,float64,5,0,0.29,1469,,0.0,8983542191.8,0.0 (233); 0.4 (5); 1.6 (4)
nru_mkt_diff_rt,float64,1734,0,100.0,0,,,,
nru_mkt_inav,float64,1734,0,100.0,0,,,,
pd_abrv_nm,object,0,0,0.0,1727,,,,메리츠 인버스 2X 은 선물 ETN(H) (2); 한투 인버스금선물 ETN (2); 메리츠 천연가스 선물 ETN(H) (2)
pd_circ_net_tamt,float64,183,0,10.55,658,,0.0,19029494000000.0,0.0 (893); 9240000000.0 (2); 171864000000.0 (1)
pd_circ_stk_cnt,float64,183,0,10.55,622,,0.0,1128710000.0,0.0 (411); 500000.0 (32); 600000.0 (24)
pd_curr_cd,object,1,0,0.06,2,,,,CURR_CD_KRW (1732); CURR_CD_000 (1)
pd_curr_nm,object,1,0,0.06,2,,,,한국원화 (1732); 해당없음 (1)
pd_divd_amt_pshr,float64,183,0,10.55,1,,0.0,0.0,0.0 (1551)
pd_dvid_cycl,object,183,1551,100.0,0,,,,
pd_dvid_yield,float64,183,0,10.55,1,,0.0,0.0,0.0 (1551)
pd_exg_mkt_cd,object,1,0,0.06,1,,,,EXG_MKT_NO_001 (1733)
pd_exg_mkt_nm,object,1,0,0.06,1,,,,유가증권 (1733)
pd_grp_no,object,0,0,0.0,2,,,,ETF (1202); ETN (532)
pd_itm_no,object,0,0,0.0,1734,,,,KR7482870003 (1); KR7305080004 (1); KRG760000148 (1)
pd_itm_no_ma,object,0,0,0.0,1734,,,,A482870 (1); A305080 (1); Q760014 (1)
pd_lst_price,float64,0,0,0.0,1,,0.0,0.0,0.0 (1734)
pd_lst_stk_cnt,float64,0,0,0.0,678,,0.0,11410900000.0,1000000.0 (254); 2000000.0 (99); 500000.0 (70)
pd_lste_dt,float64,1,0,0.06,80,,20250116.0,99991231.0,99991231.0 (1521); 20250508.0 (16); 20260521.0 (8)
pd_lstg_dt,float64,1,0,0.06,601,,10001231.0,20260616.0,20221017.0 (22); 20260527.0 (18); 20220427.0 (17)
pd_mkt_id,object,1,0,0.06,1,,,,STK (1733)
pd_mkt_nm,object,1,0,0.06,1,,,,유가증권 (1733)
pd_nav_pshr,float64,183,0,10.55,1537,,14.55,1074635.23,55401.72 (3); 13380.73 (2); 1523.28 (2)
pd_net_ast_pshr,float64,183,0,10.55,1,,0.0,0.0,0.0 (1551)
pd_net_prft_pshr,float64,183,0,10.55,1,,0.0,0.0,0.0 (1551)
pd_net_rt_ast_pshr,float64,183,0,10.55,1,,0.0,0.0,0.0 (1551)
pd_net_tamt,float64,183,0,10.55,1548,,89211572.0,28359162282520.0,45297510000.0 (2); 50423940000.0 (2); 26691220000.0 (2)
pd_nm,object,0,0,0.0,1734,,,,NH-Amundi HANARO 주주가치성장코 (1); 미래에셋 TIGER 미국채10년선물증권상장지 (1); 키움증권 키움 바이오TOP10 상장지수증권  (1)
pd_pen_risk_nm,object,0,0,0.0,3,,,,위험자산 (788); N (732); 안전자산 (214)
pd_pen_tr_yn,object,0,0,0.0,2,,,,Y (1002); N (732)
pd_risk_cd,object,0,0,0.0,6,,,,PD_RISK_GCD_11 (761); PD_RISK_GCD_12 (667); PD_RISK_GCD_15 (115)
pd_risk_nm,object,0,0,0.0,6,,,,매우높은위험(1등급) (761); 높은위험(2등급) (667); 낮은위험(5등급) (115)
pd_sale_yn,int64,0,0,0.0,2,,0.0,1.0,1 (1520); 0 (214)
pd_sect_cd,float64,183,0,10.55,5,,2.0,9.0,2.0 (1126); 3.0 (406); 8.0 (16)
pd_sect_nm,float64,1734,0,100.0,0,,,,
pd_spac_yn,object,183,0,10.55,1,,,,N (1551)
pd_stk_cnt,float64,183,0,10.55,646,,48000.0,11287100000.0,1000000.0 (195); 2000000.0 (74); 500000.0 (69)
pd_tr_yn,float64,1,0,0.06,2,,0.0,1.0,0.0 (1661); 1.0 (72)
ru_mkt_price,float64,1734,0,100.0,0,,,,
ru_mkt_volume,float64,1734,0,100.0,0,,,,
wu_core_yn,object,0,0,0.0,2,,,,N (1646); Y (88)
wu_inv_ast_type,object,0,0,0.0,8,,,,주식 (1069); 채권 (261); 원자재 (207)
wu_inv_rgn,object,0,0,0.0,11,,,,국내 (1036); 미국 (453); 글로벌 (76)
wu_upt_dt,float64,5,0,0.29,1,,20260615.0,20260615.0,20260615.0 (1729)
