source_table,source_column,source_value,standard_dimension,standard_code,mapping_status,observed_count,note
bond,PD_CTRY_CD,KR,region,KR,mapped,42393,
bond,PD_CTRY_CD,XS,region,OTHER,ambiguous,1,"Euroclear/Clearstream 국제 코드, 특정 국가 아님"
domestic_etf,wu_inv_rgn,국내,region,KR,mapped,1036,
domestic_etf,wu_inv_rgn,미국,region,US,mapped,453,
domestic_etf,wu_inv_rgn,글로벌,region,GLOBAL,mapped,76,
domestic_etf,wu_inv_rgn,중국,region,CHINA,mapped,63,
domestic_etf,wu_inv_rgn,아시아,region,ASIA_OTHER,mapped,33,
domestic_etf,wu_inv_rgn,일본,region,JAPAN,mapped,25,
domestic_etf,wu_inv_rgn,인도,region,INDIA,mapped,19,
domestic_etf,wu_inv_rgn,남미/북미,region,AMERICAS_OTHER,mapped,12,
domestic_etf,wu_inv_rgn,유럽,region,EUROPE,mapped,7,
domestic_etf,wu_inv_rgn,베트남,region,VIETNAM,mapped,5,
domestic_etf,wu_inv_rgn,이머징/브릭스,region,EMERGING_BRIC,mapped,5,
fund,fd_ivst_rgn_desc,글로벌,region,GLOBAL,mapped,42875,
fund,fd_ivst_rgn_desc,국내,region,KR,mapped,33223,
fund,fd_ivst_rgn_desc,아시아,region,ASIA_OTHER,mapped,10265,
fund,fd_ivst_rgn_desc,남미/북미,region,AMERICAS_OTHER,mapped,4984,
fund,fd_ivst_rgn_desc,이머징/브릭스,region,EMERGING_BRIC,mapped,2261,
fund,fd_ivst_rgn_desc,유럽,region,EUROPE,mapped,1846,
fund,fd_ivst_rgn_desc,중동/아프리카,region,MIDDLE_EAST_AFRICA,mapped,99,
overseas_etf,wu_inv_rgn,United States of America,region,US,mapped,4196,
overseas_etf,wu_inv_rgn,Global,region,GLOBAL,mapped,718,
overseas_etf,wu_inv_rgn,Global Ex US,region,GLOBAL,ambiguous,303,미국 제외 글로벌. GLOBAL과 다른 의미라 교차 비교 시 주의
overseas_etf,wu_inv_rgn,Global Emerging Markets,region,EMERGING_BRIC,mapped,175,
overseas_etf,wu_inv_rgn,China,region,CHINA,mapped,46,
overseas_etf,wu_inv_rgn,Europe,region,EUROPE,mapped,41,
overseas_etf,wu_inv_rgn,Japan,region,JAPAN,mapped,25,
overseas_etf,wu_inv_rgn,India,region,INDIA,mapped,24,
overseas_etf,wu_inv_rgn,Brazil,region,AMERICAS_OTHER,mapped,9,
overseas_etf,wu_inv_rgn,Asia Pacific ex Japan,region,ASIA_OTHER,mapped,8,
overseas_etf,wu_inv_rgn,Korea,region,KR,mapped,7,
overseas_etf,wu_inv_rgn,Asia Pacific,region,ASIA_OTHER,mapped,7,
overseas_etf,wu_inv_rgn,United Kingdom,region,EUROPE,mapped,5,
overseas_etf,wu_inv_rgn,Israel,region,MIDDLE_EAST_AFRICA,mapped,4,
overseas_etf,wu_inv_rgn,Germany,region,EUROPE,mapped,4,
overseas_etf,wu_inv_rgn,Switzerland,region,EUROPE,mapped,4,
overseas_etf,wu_inv_rgn,Latin America,region,AMERICAS_OTHER,mapped,4,
overseas_etf,wu_inv_rgn,Canada,region,AMERICAS_OTHER,mapped,4,
overseas_etf,wu_inv_rgn,Taiwan,region,ASIA_OTHER,mapped,3,
overseas_etf,wu_inv_rgn,Mexico,region,AMERICAS_OTHER,mapped,3,
overseas_etf,wu_inv_rgn,Australia,region,OTHER,ambiguous,3,"오세아니아, 기존 7개 버킷에 없음"
overseas_etf,wu_inv_rgn,Vietnam,region,VIETNAM,mapped,3,
overseas_etf,wu_inv_rgn,Greater China,region,CHINA,mapped,2,
overseas_etf,wu_inv_rgn,Saudi Arabia,region,MIDDLE_EAST_AFRICA,mapped,2,
overseas_etf,wu_inv_rgn,EuroZone,region,EUROPE,mapped,2,
overseas_etf,wu_inv_rgn,Norway,region,EUROPE,mapped,2,
overseas_etf,wu_inv_rgn,Indonesia,region,ASIA_OTHER,mapped,2,
overseas_etf,wu_inv_rgn,Poland,region,EUROPE,mapped,1,
overseas_etf,wu_inv_rgn,Malaysia,region,ASIA_OTHER,mapped,1,
overseas_etf,wu_inv_rgn,Italy,region,EUROPE,mapped,1,
overseas_etf,wu_inv_rgn,Peru,region,AMERICAS_OTHER,mapped,1,
overseas_etf,wu_inv_rgn,Austria,region,EUROPE,mapped,1,
overseas_etf,wu_inv_rgn,Qatar,region,MIDDLE_EAST_AFRICA,mapped,1,
overseas_etf,wu_inv_rgn,Greece,region,EUROPE,mapped,1,
overseas_etf,wu_inv_rgn,Finland,region,EUROPE,mapped,1,
overseas_etf,wu_inv_rgn,United Arab Emirates,region,MIDDLE_EAST_AFRICA,mapped,1,
overseas_etf,wu_inv_rgn,Hong Kong,region,CHINA,ambiguous,1,중화권이나 별도 시장. CHINA로 묶었으나 재검토 필요
overseas_etf,wu_inv_rgn,Colombia,region,AMERICAS_OTHER,mapped,1,
overseas_etf,wu_inv_rgn,Turkey,region,MIDDLE_EAST_AFRICA,ambiguous,1,"유럽/중동 경계, 관례상 중동아프리카로 분류"
overseas_etf,wu_inv_rgn,Africa,region,MIDDLE_EAST_AFRICA,mapped,1,
overseas_etf,wu_inv_rgn,Ireland,region,EUROPE,mapped,1,
overseas_etf,wu_inv_rgn,Chile,region,AMERICAS_OTHER,mapped,1,
overseas_etf,wu_inv_rgn,Argentina,region,AMERICAS_OTHER,mapped,1,
overseas_etf,wu_inv_rgn,Belgium,region,EUROPE,mapped,1,
overseas_etf,wu_inv_rgn,Philippines,region,ASIA_OTHER,mapped,1,
overseas_etf,wu_inv_rgn,BRIC,region,EMERGING_BRIC,mapped,1,
overseas_etf,wu_inv_rgn,Iceland,region,EUROPE,mapped,1,
overseas_etf,wu_inv_rgn,North America,region,AMERICAS_OTHER,ambiguous,1,미국 포함 여부 불명확
overseas_etf,wu_inv_rgn,Singapore,region,ASIA_OTHER,mapped,1,
overseas_etf,wu_inv_rgn,Denmark,region,EUROPE,mapped,1,
overseas_etf,wu_inv_rgn,ASEAN,region,ASIA_OTHER,mapped,1,
overseas_etf,wu_inv_rgn,Spain,region,EUROPE,mapped,1,
overseas_etf,wu_inv_rgn,France,region,EUROPE,mapped,1,
overseas_etf,wu_inv_rgn,Netherlands,region,EUROPE,mapped,1,
overseas_etf,wu_inv_rgn,Thailand,region,ASIA_OTHER,mapped,1,
overseas_etf,wu_inv_rgn,Kuwait,region,MIDDLE_EAST_AFRICA,mapped,1,
overseas_etf,wu_inv_rgn,South Africa,region,MIDDLE_EAST_AFRICA,mapped,1,
overseas_etf,wu_inv_rgn,New Zealand,region,OTHER,ambiguous,1,"오세아니아, 기존 7개 버킷에 없음"
overseas_etf,wu_inv_rgn,Sweden,region,EUROPE,mapped,1,
domestic_etf,wu_inv_ast_type,주식,asset_class,EQUITY,mapped,1069,
domestic_etf,wu_inv_ast_type,채권,asset_class,BOND,mapped,261,
domestic_etf,wu_inv_ast_type,원자재,asset_class,COMMODITY,mapped,207,
domestic_etf,wu_inv_ast_type,혼합자산,asset_class,MIXED,mapped,78,
domestic_etf,wu_inv_ast_type,단기자금,asset_class,MONEY_MARKET,mapped,42,
domestic_etf,wu_inv_ast_type,통화,asset_class,CURRENCY,mapped,41,
domestic_etf,wu_inv_ast_type,부동산,asset_class,REAL_ESTATE,mapped,18,
domestic_etf,wu_inv_ast_type,기타,asset_class,OTHER,ambiguous,18,원본에 세부 구분 없음
overseas_etf,wu_inv_ast_type,Equity,asset_class,EQUITY,mapped,2500,
overseas_etf,wu_inv_ast_type,Alternatives,asset_class,ALTERNATIVES,ambiguous,1800,원자재/부동산/기타 중 무엇인지 원본에 세부 구분 없음
overseas_etf,wu_inv_ast_type,Bond,asset_class,BOND,mapped,1084,
overseas_etf,wu_inv_ast_type,Mixed Assets,asset_class,MIXED,mapped,138,
overseas_etf,wu_inv_ast_type,Commodity,asset_class,COMMODITY,mapped,107,
overseas_etf,wu_inv_ast_type,Money Market,asset_class,MONEY_MARKET,mapped,9,
fund,or_attr_desc,주식형,asset_class,EQUITY,mapped,36338,
fund,or_attr_desc,재간접,asset_class,FUND_OF_FUNDS,ambiguous,30243,재투자 대상 펀드의 실제 자산군 불명
fund,or_attr_desc,채권혼합,asset_class,MIXED,mapped,8964,채권 비중 높은 혼합형
fund,or_attr_desc,채권형,asset_class,BOND,mapped,8344,
fund,or_attr_desc,06,asset_class,OTHER,unmapped,5436,"정의되지 않은 코드. PROJECT_GUIDE도 파생형 후보로만 언급, 확정 아님"
fund,or_attr_desc,주식혼합,asset_class,MIXED,mapped,2782,주식 비중 높은 혼합형
fund,or_attr_desc,MMF,asset_class,MONEY_MARKET,mapped,1532,
fund,or_attr_desc,혼합자산,asset_class,MIXED,mapped,1424,
fund,or_attr_desc,특별자산,asset_class,ALTERNATIVES,mapped,412,
fund,or_attr_desc,임대형,asset_class,REAL_ESTATE,mapped,69,
fund,or_attr_desc,대출형,asset_class,ALTERNATIVES,ambiguous,9,"사모대출형 성격, 대체투자로 분류"
